,user,title
0,vincentdh,낢에게와요
1,vincentdh,리얼주주
2,vincentdh,나는 귀머거리다
3,vincentdh,일상날개짓
4,vincentdh,혈액형에 관한 간단한 고찰
5,vincentdh,와라! 편의점
6,vincentdh,실질객관동화
7,vincentdh,대학일기
8,vincentdh,공주는 잠 못 이루고
9,vincentdh,역전! 야매요리
10,vincentdh,낢이 사는 이야기
11,vincentdh,신의 탑
12,vincentdh,조선왕조실톡
13,vincentdh,스펙트럼 분석기
14,vincentdh,타임인조선
15,vincentdh,위아더 능력자!
16,vincentdh,네로의 실험실
17,vincentdh,낚시신공
18,vincentdh,인간의 숲
19,vincentdh,천적
20,vincentdh,상중하
21,vincentdh,죽은 마법사의 도시
22,vincentdh,악의는 없다
23,vincentdh,절벽귀
24,vincentdh,웃지 않는 개그반 시즌3
25,vincentdh,마술사
26,vincentdh,심심한 마왕
27,vincentdh,첩보의 별
28,vincentdh,첩보의 별 시즌2
29,vincentdh,하이브 1~2
30,vincentdh,입시명문사립 정글고등학교
31,vincentdh,쌉니다 천리마마트
32,vincentdh,하루 3컷
33,vincentdh,킬러분식
34,vincentdh,고수
35,vincentdh,마음의소리
36,vincentdh,삼봉이발소
37,vincentdh,안나라수마나라
38,vincentdh,무한동력
39,vincentdh,죽음에 관하여
40,vincentdh,조의 영역
41,vincentdh,기기괴괴
42,vincentdh,헬퍼
43,vincentdh,취사병 전설이 되다
44,vincentdh,갓 오브 하이스쿨
45,vincentdh,싸우자귀신아
46,vincentdh,생활의참견
47,vincentdh,선천적 얼간이들
48,vincentdh,골방환상곡
49,vincentdh,좀비딸
50,vincentdh,놓지마 정신줄
51,vincentdh,지금 우리 학교는
52,vincentdh,데우스 엑스 마키나
53,vincentdh,노네임드(NoNameD)
54,vincentdh,문유
55,vincentdh,마스크걸
56,vincentdh,타인은 지옥이다
57,vincentdh,질풍기획 시즌2
58,vincentdh,찌질의 역사
59,vincentdh,살인자o난감
